{
  "bag_of_words": {
    "Naive Bayes": {
      "accuracy": 0.8625,
      "precision": 0.8639214046822742,
      "recall": 0.8625,
      "f1_score": 0.8619791666666666,
      "confusion_matrix": [
        [
          77,
          8
        ],
        [
          14,
          61
        ]
      ],
      "training_time": 0.016376972198486328,
      "feature_extraction_time": 0.02207183837890625
    },
    "Decision Tree": {
      "accuracy": 0.85,
      "precision": 0.8504114575090995,
      "recall": 0.85,
      "f1_score": 0.8496693434104865,
      "confusion_matrix": [
        [
          75,
          10
        ],
        [
          14,
          61
        ]
      ],
      "training_time": 0.019951820373535156,
      "feature_extraction_time": 0.02207183837890625
    },
    "Random Forest": {
      "accuracy": 0.85,
      "precision": 0.8504114575090995,
      "recall": 0.85,
      "f1_score": 0.8496693434104865,
      "confusion_matrix": [
        [
          75,
          10
        ],
        [
          14,
          61
        ]
      ],
      "training_time": 0.18489670753479004,
      "feature_extraction_time": 0.02207183837890625
    }
  },
  "tfidf": {
    "Naive Bayes": {
      "accuracy": 0.85,
      "precision": 0.8504114575090995,
      "recall": 0.85,
      "f1_score": 0.8496693434104865,
      "confusion_matrix": [
        [
          75,
          10
        ],
        [
          14,
          61
        ]
      ],
      "training_time": 0.01145029067993164,
      "feature_extraction_time": 1.9663820266723633
    },
    "Decision Tree": {
      "accuracy": 0.85,
      "precision": 0.8504114575090995,
      "recall": 0.85,
      "f1_score": 0.8496693434104865,
      "confusion_matrix": [
        [
          75,
          10
        ],
        [
          14,
          61
        ]
      ],
      "training_time": 0.018347740173339844,
      "feature_extraction_time": 1.9663820266723633
    },
    "Random Forest": {
      "accuracy": 0.85,
      "precision": 0.8504114575090995,
      "recall": 0.85,
      "f1_score": 0.8496693434104865,
      "confusion_matrix": [
        [
          75,
          10
        ],
        [
          14,
          61
        ]
      ],
      "training_time": 0.1625509262084961,
      "feature_extraction_time": 1.9663820266723633
    }
  },
  "bigrams": {
    "Naive Bayes": {
      "accuracy": 0.85,
      "precision": 0.8504114575090995,
      "recall": 0.85,
      "f1_score": 0.8496693434104865,
      "confusion_matrix": [
        [
          75,
          10
        ],
        [
          14,
          61
        ]
      ],
      "training_time": 0.015257596969604492,
      "feature_extraction_time": 0.03394794464111328
    },
    "Decision Tree": {
      "accuracy": 0.85,
      "precision": 0.8504114575090995,
      "recall": 0.85,
      "f1_score": 0.8496693434104865,
      "confusion_matrix": [
        [
          75,
          10
        ],
        [
          14,
          61
        ]
      ],
      "training_time": 0.04392361640930176,
      "feature_extraction_time": 0.03394794464111328
    },
    "Random Forest": {
      "accuracy": 0.85,
      "precision": 0.8504114575090995,
      "recall": 0.85,
      "f1_score": 0.8496693434104865,
      "confusion_matrix": [
        [
          75,
          10
        ],
        [
          14,
          61
        ]
      ],
      "training_time": 0.21121597290039062,
      "feature_extraction_time": 0.03394794464111328
    }
  }
}